#{"t_start": 1637959101.1178849, "env_id": "NewHriEnv-v1"}
r,l,t
-3510.931408,200,10.371268
-3805.698756,200,20.719733
-8619.105348,200,31.058399
-2052.725874,200,41.413136
-5013.778115,200,51.791286
-4343.079446,200,62.195338
-3217.495826,200,72.561418
-6608.124782,200,82.895203
-3441.985644,200,93.28945
-3503.268887,200,103.671911
-2653.567876,200,114.02986
-4681.368218,200,124.353798
-6337.479252,200,134.675456
-3662.762051,200,145.052847
-8208.152807,200,155.401223
-2310.014755,200,165.738653
-4107.672374,200,176.07201
-2589.403355,200,186.402174
-2080.095179,200,196.777207
-2408.80401,200,207.10326
-4334.372341,200,217.449242
-4296.741423,200,227.798
-2451.587082,200,238.128454
-2207.741453,200,248.460268
-4108.530269,200,258.787628
-3743.391627,200,269.128102
-3725.712652,200,279.520102
-3454.264375,200,289.871167
-2797.205366,200,300.198935
-3126.489921,200,310.571306
-2213.792946,200,320.910425
-7223.708569,200,331.330139
-4649.617605,200,341.652041
-3274.32728,200,351.99973
-3124.598017,200,362.32268
-7600.403838,200,372.664494
-2267.078097,200,383.037259
-6666.161814,200,393.362713
-9084.250788,200,403.711807
-2650.35289,200,414.064911
-2877.327867,200,424.43537
-6494.986665,200,434.765397
-3523.472615,200,445.100503
-5724.819337,200,455.433027
-4149.09081,200,465.840984
-3683.44128,200,476.207964
-3551.881895,200,486.540817
-3787.984981,200,496.893701
-5381.494039,200,507.226711
-2090.858833,200,517.568182
-936.668589,200,528.04818
-922.602017,200,539.770948
-922.525714,200,551.447551
-936.054956,200,563.070053
-891.803581,200,574.72613
-888.422465,200,586.423077
-952.938736,200,598.044201
-1211.902295,200,609.649532
-1314.923977,200,621.291514
-1459.184285,200,632.90907
-1895.843611,200,644.649687
-2275.620821,200,656.316016
-1944.140159,200,667.960859
-1735.828811,200,679.525311
-2379.453847,200,691.186326
-2272.793069,200,702.782731
-1813.364876,200,714.349598
-1541.81773,200,725.924153
-741.364931,200,737.478079
-1092.233461,200,748.99511
-1524.440959,200,760.635085
-1979.410417,200,772.254443
-1478.835887,200,783.797187
-1239.627499,200,795.392582
-1444.46605,200,806.975317
-1326.828884,200,818.582447
-1142.398516,200,830.143126
-2095.459319,200,841.766244
-1142.919529,200,853.338847
-932.962437,200,864.512195
-636.157029,200,875.656092
-597.743801,200,886.716886
-793.6908,200,897.770245
-1092.817871,200,908.829212
-5566.558438,200,919.880579
-1220.590244,200,930.959439
-2355.168485,200,942.023524
-3376.945936,200,953.284373
-2574.130623,200,964.461562
-1311.014416,200,975.595708
-1291.747367,200,986.725329
-1404.027625,200,997.788408
-1381.002377,200,1008.849847
-2070.918369,200,1020.009321
-2358.947301,200,1031.09234
-1821.358065,200,1042.191492
-1551.893401,200,1053.336177
-1758.438879,200,1064.537286
-1853.275742,200,1075.680614
-2422.543043,200,1086.84166
-2473.95209,200,1098.120072
-1768.330643,200,1109.31195
-1906.196957,200,1120.501235
-1611.180006,200,1131.707127
-1652.508431,200,1142.958498
-1789.76699,200,1154.187538
-1257.147908,200,1165.446467
-1038.356336,200,1176.608591
-1170.397612,200,1187.842899
-1091.485118,200,1199.102345
-1460.635654,200,1210.334405
-1240.293167,200,1221.537232
-932.995844,200,1232.747572
-830.147108,200,1243.934403
-973.884864,200,1255.119627
-1400.510663,200,1266.313559
-1614.399138,200,1277.496838
-1958.806854,200,1288.639029
-2481.179182,200,1299.799694
-1469.780099,200,1310.965317
-1299.468745,200,1322.153707
-1748.714301,200,1333.314366
-2483.505873,200,1344.489364
-5662.426953,200,1355.694286
-1531.822325,200,1366.877664
-916.260021,200,1378.018444
-725.501949,200,1389.200121
-940.761839,200,1400.349716
-1576.552513,200,1411.512983
-8515.369656,200,1422.710115
-562.802639,200,1433.887069
-758.54967,200,1445.020056
-989.853776,200,1456.246835
-1641.52879,200,1467.385185
-2695.016351,200,1478.604918
-6480.786857,200,1489.768054
-5977.692675,200,1500.916179
-4592.330236,200,1512.074527
-3957.743863,200,1523.211398
-9368.817338,200,1534.355484
-4259.062797,200,1545.611279
-5799.336751,200,1556.767489
-7362.748541,200,1567.907059
-5982.524468,200,1579.041178
-4138.697461,200,1590.301684
-3616.487553,200,1601.455312
-3835.64898,200,1612.585842
-3574.799413,200,1623.728624
-4162.29629,200,1634.876173
-3760.711391,200,1646.019029
-4048.105569,200,1657.170663
-2539.299132,200,1668.339808
-2423.581397,200,1679.473417
-2012.304823,200,1690.609203
-1414.685904,200,1701.749332
-1272.826061,200,1712.890331
-1107.022821,200,1724.058413
-1331.244023,200,1735.221038
-1382.573236,200,1746.363091
-1738.706402,200,1757.502392
-2739.569245,200,1768.661066
-2609.618714,200,1779.818769
-3675.803539,200,1790.957875
-1782.255877,200,1802.124927
-1424.046237,200,1813.297585
-1157.333614,200,1824.521665
-2534.256161,200,1835.779116
-2833.758114,200,1846.956695
-4648.266705,200,1858.121136
-1745.677373,200,1869.261934
-2449.159184,200,1880.420213
-2572.963921,200,1891.560233
-2360.936331,200,1902.704436
-3347.294133,200,1913.867525
-1250.708312,200,1925.014612
-2342.691245,200,1936.241392
-1074.788785,200,1947.428164
-2528.884255,200,1958.598985
-4281.21136,200,1969.781307
-3198.136638,200,1981.071011
-1624.004028,200,1992.254234
-1153.19293,200,2003.454772
-2763.044639,200,2014.637634
-2744.640565,200,2025.838547
-7403.004456,200,2037.055323
-6885.086337,200,2048.319848
-6281.148494,200,2059.477135
-33106.742342,200,2070.673365
-21722.931371,200,2081.817472
-4370.205719,200,2092.947922
-3086.421889,200,2104.193334
-6964.459474,200,2115.389977
-7538.88142,200,2126.54849
-6368.967783,200,2137.733808
-8041.254289,200,2148.909512
-17193.246295,200,2160.077801
-2905.78599,200,2171.254156
-2313.922949,200,2182.527247
-2935.36711,200,2193.692355
-2318.205246,200,2205.01358
-2114.960732,200,2216.189765
-2500.818252,200,2227.351312
-2635.382194,200,2238.557217
-2126.456957,200,2249.838895
-2352.565679,200,2261.131291
-3298.447064,200,2272.380718
-4179.262645,200,2283.546903
-3175.350055,200,2294.690111
-6134.084101,200,2305.839636
-4844.47652,200,2316.991619
-3630.992366,200,2328.167403
-4612.141265,200,2339.316124
-3194.887748,200,2350.473345
-4315.808834,200,2361.620934
-3881.119077,200,2372.768642
-2752.711596,200,2384.032746
-2880.361461,200,2395.299469
-5372.671558,200,2406.453424
-3099.956934,200,2417.679421
-2223.162759,200,2428.834558
-1998.937953,200,2440.052367
-1249.680524,200,2451.326517
-1914.418452,200,2462.481131
-1401.675418,200,2473.63205
-2132.663727,200,2484.86474
-4891.320703,200,2496.045569
-5248.273892,200,2507.238894
-5195.352038,200,2518.394342
-4393.359959,200,2529.56975
-1216.691972,200,2540.813598
-2180.820295,200,2552.061761
-2529.147684,200,2563.210852
-6348.80494,200,2574.36929
-8073.510494,200,2585.511108
-7499.693218,200,2596.653982
-5798.293476,200,2607.836712
-5636.70601,200,2618.978598
-3056.51615,200,2630.256204
-2854.841363,200,2641.433313
-8068.526573,200,2652.587614
-40829.244317,200,2663.777428
-29649.732608,200,2674.932585
-64899.945325,200,2686.081321
-52740.763478,200,2697.122775
-95416.148903,200,2708.143054
-50578.303583,200,2719.149073
-82084.153521,200,2730.204027
-53404.325505,200,2741.234658
-85392.370185,200,2752.333324
-45830.073808,200,2763.333101
-50535.164813,200,2774.346517
-76166.666266,200,2785.330678
-55569.04226,200,2796.351228
-47078.565176,200,2807.35745
-46425.378353,200,2818.466951
-43534.640771,200,2829.476561
-91185.313926,200,2840.460588
-86063.041346,200,2851.446793
-93350.145702,200,2862.426801
-43637.324352,200,2873.422754
-98688.915122,200,2884.526527
-56001.975161,200,2895.582376
-71021.852523,200,2906.547942
-53326.966408,200,2917.576244
-39424.678977,200,2928.560408
-67288.617255,200,2939.550226
-47166.41853,200,2950.524446
-73503.323916,200,2961.510182
-79059.302067,200,2972.540312
-44040.352258,200,2983.527025
-76224.930097,200,2994.521066
-111154.169448,200,3005.514201
-36121.697267,200,3016.545838
-91866.922657,200,3027.619932
-35182.854649,200,3038.687413
-37732.337483,200,3049.694114
-91466.307234,200,3060.747035
-69267.010084,200,3071.74647
-48605.133038,200,3082.767313
-39103.770189,200,3093.886872
-67261.919175,200,3104.926345
-41058.476195,200,3115.928178
-69345.136352,200,3126.917388
-49612.477147,200,3137.899915
-42157.11439,200,3148.880096
-46767.829999,200,3159.87115
-37016.931527,200,3170.910193
-40335.263607,200,3182.017919
-32322.226083,200,3193.026314
-28538.985747,200,3204.066713
-32824.269554,200,3215.072076
-31275.408498,200,3226.056484
-32037.760385,200,3237.0401
-25625.81685,200,3248.031502
-26441.386567,200,3259.007167
-23898.391279,200,3269.985371
-26112.529352,200,3280.960418
-23079.871022,200,3291.943236
-21653.245626,200,3302.915333
-21847.957178,200,3313.975788
-22986.302534,200,3325.003211
-23026.448355,200,3335.989985
-38488.512243,200,3347.025189
-31687.117408,200,3358.005878
-35277.744282,200,3369.004781
-35660.770308,200,3380.104067
-36111.262602,200,3391.144877
-37112.1378,200,3402.132253
-29973.492217,200,3413.098947
-21067.298587,200,3424.067611
-20395.09702,200,3435.148826
-19025.278719,200,3446.250251
-17501.87499,200,3457.352818
-17098.845955,200,3468.396662
-16201.208978,200,3479.415555
-15902.650213,200,3490.401685
-14972.888088,200,3501.396048
-15847.977421,200,3512.501604
-15414.145212,200,3523.57753
-14361.461231,200,3534.546486
-13132.041287,200,3545.526568
-12449.485865,200,3556.492291
-12434.725544,200,3567.555908
-12705.987506,200,3578.641828
-11955.034655,200,3589.612422
-12318.744468,200,3600.60657
-13515.347713,200,3611.590211
-14377.515389,200,3622.611975
-16051.840419,200,3633.575551
-18298.57518,200,3644.567331
-12995.283315,200,3655.609137
-13038.37697,200,3666.683407
-10573.560799,200,3677.669599
-10321.243804,200,3688.635725
-8175.506146,200,3699.608282
-7224.137025,200,3710.587269
-8101.870217,200,3721.559297
-5543.075816,200,3732.533304
-3694.106597,200,3743.514405
-3416.967238,200,3754.584528
-3029.611988,200,3765.675042
-2836.592752,200,3776.6556
-3489.27644,200,3787.779423
-3556.078987,200,3798.783069
-3526.782296,200,3809.782666
-3260.540482,200,3820.82723
-6026.416325,200,3831.9477
-6609.421196,200,3843.028147
-8668.120462,200,3854.020812
-25998.662476,200,3865.037306
-30836.623978,200,3876.118564
-15852.60127,200,3887.17419
-11601.313899,200,3898.163039
-10547.448729,200,3909.171751
-7585.004666,200,3920.165277
-6805.125164,200,3931.171083
-5652.498606,200,3942.182899
-6440.427798,200,3953.300451
-6013.827448,200,3964.347749
-5836.131314,200,3975.413723
-5361.174437,200,3986.511413
-5055.379251,200,3997.533775
-5165.842651,200,4008.566447
-5544.91776,200,4019.588302
-5456.955411,200,4030.615513
-4512.847459,200,4041.643748
-3593.200519,200,4052.6994
-4317.551555,200,4063.747672
-4116.830949,200,4074.781914
-3873.473183,200,4085.807974
-3123.319807,200,4096.845605
-2402.326098,200,4107.926254
-1717.567024,200,4118.949737
-1572.609304,200,4129.98829
-1088.30626,200,4141.034384
-1145.39843,200,4152.122911
-889.190111,200,4163.257414
-851.46276,200,4174.293397
-1702.151283,200,4185.395483
-1030.258837,200,4196.476792
-1322.672428,200,4207.522655
-1006.574997,200,4218.540117
-818.717872,200,4229.57612
-1669.691397,200,4240.60383
-1675.911791,200,4251.645118
-2378.028678,200,4262.718815
-2657.260518,200,4273.807927
-3418.626414,200,4284.874086
-2368.049568,200,4295.918396
-2337.989956,200,4306.950352
-2653.19142,200,4317.999014
-1494.13745,200,4329.044411
-983.231063,200,4340.091578
-686.206737,200,4351.124152
-745.381777,200,4362.161059
-1263.096301,200,4373.286247
-1875.041464,200,4384.341072
-2547.644084,200,4395.376856
-2962.272387,200,4406.535429
-2006.138013,200,4417.701358
-2746.679422,200,4428.844833
-3361.26145,200,4439.954925
-4665.657871,200,4451.12612
-21056.789757,200,4462.166237
-8519.759482,200,4473.203026
-22852.299255,200,4484.289061
-7752.998474,200,4495.299353
-5255.036138,200,4506.293374
-9122.014916,200,4517.285674
-6966.538369,200,4528.366036
-8705.051737,200,4539.378924
-14660.650312,200,4550.407998
-7157.173574,200,4561.440791
-24173.051162,200,4572.457528
-21947.974129,200,4583.528854
-11312.602213,200,4594.523779
-9886.811377,200,4605.562845
-7390.702835,200,4616.565334
-9180.831404,200,4627.568306
-10319.25291,200,4638.584318
-8028.393653,200,4649.594559
-7178.738587,200,4660.61656
-6489.830511,200,4671.60891
-6218.754607,200,4682.605307
-6836.078927,200,4693.657581
-6175.667162,200,4704.79159
-8219.018966,200,4715.930513
-4992.614399,200,4727.015529
-4662.839138,200,4738.01659
-6731.555543,200,4749.024236
-8749.225636,200,4760.037479
-6417.662628,200,4771.037325
-8527.684154,200,4782.038533
-5175.263842,200,4793.048135
-4072.327913,200,4804.065377
-5575.218997,200,4815.100178
-5943.693845,200,4826.103855
-4607.763456,200,4837.205708
-3367.768295,200,4848.222385
-3051.756876,200,4859.217603
-2710.640551,200,4870.221179
-2144.950993,200,4881.222992
-2249.686332,200,4892.228492
-1760.438618,200,4903.232403
-1473.764909,200,4914.304489
-1452.34779,200,4925.316719
-1590.804506,200,4936.351349
-1553.452171,200,4947.393679
-1774.578138,200,4958.566772
-1780.862466,200,4969.629888
-2247.09639,200,4980.636962
-2509.098387,200,4991.636052
-2650.246625,200,5002.625704
-2693.958382,200,5013.624967
-3499.073214,200,5024.625018
-3924.623556,200,5035.633328
-7304.016234,200,5046.754983
-4015.094205,200,5057.895164
-4089.724424,200,5068.928714
-4935.865888,200,5079.936759
-3286.107576,200,5090.94908
-3478.713534,200,5101.951787
-3362.601841,200,5113.012805
-3229.794962,200,5124.095763
-3082.739094,200,5135.09771
-3071.103376,200,5146.128126
-3276.315891,200,5157.124166
-3045.816292,200,5168.128581
-3411.529702,200,5179.142583
-2934.845697,200,5190.302481
-2874.883591,200,5201.462616
-2832.510918,200,5212.541703
-2220.71752,200,5223.656363
-1952.077554,200,5234.701021
-1664.78497,200,5245.74822
-1525.959776,200,5256.864283
-1593.749739,200,5267.948768
-1619.568284,200,5279.013998
-1295.675461,200,5290.129946
-905.960061,200,5301.291639
-989.08101,200,5312.433066
-840.388502,200,5323.572406
-910.92883,200,5334.638706
-1134.037769,200,5345.71645
-2644.251424,200,5356.791705
-2030.76975,200,5367.916536
-1605.673549,200,5379.140414
-1711.184944,200,5390.269864
-3722.886564,200,5401.36012
-7503.142032,200,5412.469535
-6709.767919,200,5423.571289
-6363.477344,200,5434.665718
-6660.087315,200,5445.836922
-47577.750292,200,5456.967993
-30002.978488,200,5467.998721
-88433.072463,200,5478.994343
-43067.188684,200,5489.98984
-32149.729604,200,5501.053937
-27979.998345,200,5512.026475
-40315.865746,200,5523.007053
-37639.443098,200,5534.027377
-28292.903689,200,5545.051362
-30104.3267,200,5556.064082
-54380.499322,200,5567.049198
-36865.857555,200,5578.04146
-22100.086698,200,5589.047531
-17882.637071,200,5600.098657
-25476.415033,200,5611.107496
-17215.671714,200,5622.097866
-15599.979788,200,5633.085346
-22515.021878,200,5644.139345
-42625.022241,200,5655.132854
-44769.115105,200,5666.225376
-19941.010876,200,5677.336159
-23830.967159,200,5688.411849
-18685.553862,200,5699.402919
-22422.083826,200,5710.406187
-39278.193024,200,5721.405919
-20537.804117,200,5732.384899
-19200.949979,200,5743.376689
-23886.896192,200,5754.438261
-24602.68792,200,5765.440228
-32020.767226,200,5776.469445
-31431.669677,200,5787.551898
-32537.634228,200,5798.65478
-22604.613367,200,5809.636655
-47798.667732,200,5820.662364
-19265.128418,200,5831.650601
-30609.95333,200,5842.626365
-28887.851568,200,5853.605287
-26341.227314,200,5864.59907
-27279.595591,200,5875.611409
-40585.41662,200,5886.668138
-22626.340066,200,5897.715592
-27584.827356,200,5908.776244
-18679.020284,200,5919.784743
-30023.063215,200,5930.766165
-25207.13303,200,5941.745318
-25001.476987,200,5952.731235
-19750.307859,200,5963.722075
-15952.647153,200,5974.720082
-16052.770661,200,5985.805276
-16711.955321,200,5996.792095
-14528.644869,200,6007.808864
-13991.800781,200,6018.874318
-13109.155104,200,6029.878912
-14097.532993,200,6040.950807
-12314.661685,200,6052.087193
-13141.991793,200,6063.071661
-12011.711174,200,6074.173107
-11806.103126,200,6085.172146
-10752.398266,200,6096.17052
-9745.894353,200,6107.219028
-11316.660543,200,6118.270861
-22949.313459,200,6129.315457
-7945.40462,200,6140.369352
-9560.523864,200,6151.375369
-9725.112508,200,6162.437143
-10515.546451,200,6173.490689
-11447.08169,200,6184.552925
-29389.496949,200,6195.551581
-18921.045537,200,6206.525188
-33176.599453,200,6217.511803
-14002.725396,200,6228.537098
-32244.123449,200,6239.548594
-11732.78285,200,6250.554174
-29862.469699,200,6261.670015
-42625.495077,200,6272.737442
-45758.407264,200,6283.739231
-9934.12994,200,6294.824434
-35015.602036,200,6305.954323
-9368.137725,200,6316.963835
-8766.731583,200,6328.046596
-8135.333324,200,6339.049547
-7078.429136,200,6350.088876
-6958.422576,200,6361.108887
-6622.727202,200,6372.10861
-5815.576584,200,6383.169836
-5437.750959,200,6394.159125
-5154.482451,200,6405.301401
-4862.665502,200,6416.31545
-4131.046398,200,6427.344522
-3930.484275,200,6438.360263
-4216.812283,200,6449.383823
-4570.96175,200,6460.405015
-4999.100246,200,6471.427895
-4694.941156,200,6482.433651
-4707.936518,200,6493.458404
-5088.537866,200,6504.469126
-5576.657213,200,6515.480806
-5724.624944,200,6526.513121
-5267.403136,200,6537.524791
-5223.176903,200,6548.673314
-5195.520221,200,6559.687323
-4935.478318,200,6570.77575
-3590.733778,200,6581.826232
-3137.674294,200,6592.866137
-3727.852005,200,6603.882085
-2629.543638,200,6614.97958
-2260.285813,200,6626.007109
-1710.884583,200,6637.109164
-1537.860167,200,6648.315607
-1508.231709,200,6659.449913
-2287.889521,200,6670.486634
-3452.763705,200,6681.519939
-3532.337689,200,6692.551927
-3087.172713,200,6703.589459
-3374.638143,200,6714.604144
-2957.12577,200,6725.720386
-4095.270818,200,6736.822481
-3885.262185,200,6747.991906
-2640.871055,200,6759.154422
-1805.312577,200,6770.236935
-1796.687987,200,6781.261268
-1941.626174,200,6792.359688
-1488.22484,200,6803.426177
-1239.014776,200,6814.514427
-1566.310639,200,6825.606934
-1350.732284,200,6836.63425
-1258.628389,200,6847.684448
-1600.283611,200,6858.851273
-1358.767952,200,6869.893311
-1532.482409,200,6880.969991
-1740.38389,200,6892.059547
-1949.185486,200,6903.250952
-1371.550795,200,6914.451302
-1885.339787,200,6925.601234
-2817.598688,200,6936.754277
-1818.545081,200,6947.971792
-2061.361922,200,6959.143313
-3969.666789,200,6970.325699
-2611.539423,200,6981.580471
-2728.457835,200,6992.716716
-2607.86028,200,7003.968288
-2504.778928,200,7015.109265
-2570.331139,200,7026.351135
-2313.056306,200,7037.621856
-2247.041078,200,7048.841311
-1669.922561,200,7059.991385
-2082.798888,200,7071.147654
-2763.869685,200,7082.293316
-3446.846027,200,7093.479459
-5785.549983,200,7104.627469
-4425.757261,200,7115.764494
-4366.114374,200,7126.883489
-3971.516529,200,7138.066896
-5029.318988,200,7149.242738
-5969.991108,200,7160.460379
-5519.727242,200,7171.714789
-4196.392559,200,7182.843202
-4217.966145,200,7193.984979
-4316.551075,200,7205.134847
-4189.970128,200,7216.317384
-3587.321709,200,7227.453547
-8573.263263,200,7238.613927
-7358.229578,200,7249.836706
-10016.337026,200,7261.030125
-15831.044531,200,7272.215407
-21724.959678,200,7283.350098
-32838.292069,200,7294.483284
-38931.142286,200,7305.671732
-37781.615937,200,7316.803822
-39122.785587,200,7327.938576
-39413.081355,200,7339.060917
-24389.933787,200,7350.185062
-32215.022374,200,7361.241897
-24397.25811,200,7372.282631
-26243.172633,200,7383.360226
-30601.283696,200,7394.466619
-27120.014898,200,7405.497513
-7209.867009,200,7416.536595
-32519.46491,200,7427.577916
-32773.446109,200,7438.669342
-40062.352879,200,7449.726424
-40496.983343,200,7460.776779
-42839.678277,200,7471.828454
-48247.776655,200,7482.87599
-73105.760784,200,7493.92243
-87983.937046,200,7504.972707
-37042.976832,200,7516.014565
-69996.164102,200,7527.109407
-110645.498019,200,7538.137119
-51831.209574,200,7549.261323
-38499.16563,200,7560.424083
-29710.239232,200,7571.444842
-32415.451168,200,7582.567452
-57455.581746,200,7593.57888
-57425.735266,200,7604.645649
-37445.08967,200,7615.746403
-67634.242481,200,7626.770327
-33380.273941,200,7637.856336
-37788.738734,200,7648.883564
-31537.266877,200,7659.951791
-58097.672672,200,7670.971161
-28850.967043,200,7681.989686
-40966.011012,200,7693.066745
-63153.538247,200,7704.155506
-25550.336431,200,7715.191082
-25431.226157,200,7726.242732
-26153.274481,200,7737.276513
-25941.520211,200,7748.317884
-24380.079098,200,7759.328729
-30768.94749,200,7770.365819
-26078.658054,200,7781.38642
-25069.345453,200,7792.418566
-26207.7035,200,7803.461115
-23155.261397,200,7814.523582
-27806.099496,200,7825.554541
-27085.365167,200,7836.567138
-27067.587621,200,7847.646527
-27048.962466,200,7858.721642
-26969.366712,200,7869.847392
-26964.658418,200,7880.940444
-24296.12773,200,7892.081892
-26549.897703,200,7903.139781
-22483.483804,200,7914.263157
-19555.146553,200,7925.300577
-23059.212349,200,7936.319738
-21983.862187,200,7947.361142
-23103.846204,200,7958.39331
-19920.340596,200,7969.483815
-21640.289487,200,7980.525818
-24405.543211,200,7991.548372
-25842.612202,200,8002.555582
-24526.767112,200,8013.569641
-23528.049319,200,8024.632921
-21915.508396,200,8035.674503
-24725.986468,200,8046.692488
-22352.031873,200,8057.86517
-25564.396542,200,8068.945347
-24195.706675,200,8080.016517
-22640.307243,200,8091.034242
-20585.771257,200,8102.164814
-22795.377024,200,8113.274371
-21831.091354,200,8124.383624
-24784.804941,200,8135.407238
-21438.146426,200,8146.490117
-19872.030584,200,8157.506504
-19863.461004,200,8168.582079
-18635.58826,200,8179.699407
-16845.205477,200,8190.774984
-10292.225949,200,8201.801977
-9445.236039,200,8212.825689
-9069.613912,200,8223.854059
-8162.95589,200,8234.879785
-8119.148225,200,8245.988382
-6520.487473,200,8257.081344
-6899.722847,200,8268.179621
-7375.279739,200,8279.314974
-7426.982689,200,8290.346541
-7037.602944,200,8301.388025
-6112.964022,200,8312.429295
-6120.899967,200,8323.459926
-7026.586092,200,8334.487154
-8050.117205,200,8345.582886
-9021.974084,200,8356.70412
-10065.968151,200,8367.822994
-10496.138601,200,8378.930859
-9816.903832,200,8390.069127
-9803.849255,200,8401.151887
-6907.635091,200,8412.337057
-4975.131447,200,8423.415059
-2726.87605,200,8434.498377
-2519.167392,200,8445.616226
-2222.189763,200,8456.687298
-1832.438073,200,8467.763352
-1780.431606,200,8478.830069
-1791.628652,200,8489.967577
-1667.20038,200,8501.110067
-1872.249329,200,8512.192027
-1702.322458,200,8523.317267
-1757.53114,200,8534.456078
-1761.047451,200,8545.530489
-1789.45358,200,8556.618102
-2274.836326,200,8567.748037
-3021.107204,200,8578.828345
-3653.739133,200,8589.978778
-3780.744799,200,8601.146906
-3922.445869,200,8612.380163
-4376.50226,200,8623.565268
-3916.884114,200,8634.669981
-3941.71751,200,8645.760006
-4186.678722,200,8656.852986
-4427.263413,200,8668.005421
-3431.33048,200,8679.165322
-2570.082905,200,8690.272924
-2313.053099,200,8701.378564
-2160.571041,200,8712.529172
-2388.853919,200,8723.664436
-2213.770587,200,8734.899664
-2726.172043,200,8746.07285
-3540.010558,200,8757.197315
-3870.00872,200,8768.326796
-4730.890477,200,8779.444666
-5726.854183,200,8790.60114
-8251.137859,200,8801.770924
-9507.615124,200,8812.890156
-9744.717608,200,8824.018096
-10162.63941,200,8835.157318
-12910.21174,200,8846.357517
-12711.242952,200,8857.509132
-11117.382705,200,8868.688637
-10656.667163,200,8879.883585
-10278.978262,200,8891.018844
-8620.289046,200,8902.166624
-7543.592361,200,8913.420735
-7265.666918,200,8924.612836
-5862.197179,200,8935.733914
-5874.561162,200,8946.871825
-6059.022172,200,8957.998589
-6744.740293,200,8969.120591
-5913.90731,200,8980.275196
-4747.073791,200,8991.400934
-3865.647562,200,9002.540675
-3666.763336,200,9013.684369
-3490.787919,200,9024.833402
-4686.628425,200,9036.02948
-6226.824716,200,9047.234924
-7087.757567,200,9058.42922
-7458.827241,200,9069.587909
-7685.219761,200,9080.77875
-7876.093503,200,9091.945267
-7926.067475,200,9103.111583
-9232.65895,200,9114.264829
-9653.438474,200,9125.454273
-8252.679423,200,9136.608662
-8416.439897,200,9147.770334
-8703.73801,200,9158.990052
-9122.108845,200,9170.140516
-11970.317263,200,9181.276236
-56526.634652,200,9192.428887
-32015.082645,200,9203.460408
-67287.325156,200,9214.499055
-70202.112953,200,9225.613959
-39454.699036,200,9236.70111
-24826.085825,200,9247.743986
-24741.088239,200,9258.822939
-44705.232968,200,9270.002154
-30142.943734,200,9281.131829
-53815.637483,200,9292.173884
-84580.243043,200,9303.224721
-39496.003757,200,9314.272871
-35962.239921,200,9325.317247
-31730.277807,200,9336.371153
-78866.154363,200,9347.437767
-47905.834294,200,9358.46471
-51192.136316,200,9369.488838
-71833.787897,200,9380.566947
-47327.704322,200,9391.607122
-33467.315008,200,9402.66417
-84063.953819,200,9413.753125
-39737.618991,200,9424.791989
-84792.496872,200,9435.875213
-37809.934134,200,9446.965816
-42600.413004,200,9458.148105
-55377.538618,200,9469.267846
-30215.637939,200,9480.328503
-40611.524486,200,9491.397608
-41148.844076,200,9502.439564
-35024.858429,200,9513.482891
-34121.132554,200,9524.544233
-90678.952425,200,9535.607458
-44395.161098,200,9546.707882
-59984.51466,200,9557.749779
-90075.403618,200,9568.843602
-46333.963397,200,9579.926229
-26368.108936,200,9591.046528
-46815.472195,200,9602.084299
-73561.110613,200,9613.12673
-37766.580425,200,9624.252509
-116277.028564,200,9635.343375
-33677.283262,200,9646.396657
-40980.496845,200,9657.440936
-52983.349297,200,9668.49524
-80342.604289,200,9679.531722
-34330.741769,200,9690.665053
-61425.289848,200,9701.700718
-91057.169822,200,9712.742445
-42095.021406,200,9723.792906
-39839.882627,200,9734.916905
-54890.16012,200,9745.978448
-35080.94154,200,9757.024321
-71337.628009,200,9768.065633
-32067.504993,200,9779.210785
-44106.515568,200,9790.253224
-54840.679885,200,9801.399189
-35543.377811,200,9812.443971
-100050.477773,200,9823.491401
-36650.901201,200,9834.531694
-36264.959712,200,9845.57118
-80497.832162,200,9856.743076
-84744.189759,200,9867.797073
-70521.76666,200,9878.854243
-44384.617215,200,9889.93138
-37313.284559,200,9901.003715
-40940.944333,200,9912.184741
-40882.392643,200,9923.243208
-46901.757298,200,9934.292163
-52655.824669,200,9945.504248
-46689.417466,200,9956.595589
-41003.405395,200,9967.655675
-81834.63732,200,9978.7023
-42856.503519,200,9989.760261
-46090.108223,200,10000.826669
-34789.349186,200,10011.881757
-36091.661931,200,10022.938871
-32187.533872,200,10034.071957
-49685.847542,200,10045.128163
-75492.576036,200,10056.175741
-38247.043797,200,10067.237097
-63770.939425,200,10078.306364
-32965.975149,200,10089.359005
-55566.700794,200,10100.42519
-49950.172574,200,10111.465643
-32087.869972,200,10122.542866
-84335.945393,200,10133.596747
-47122.585091,200,10144.640519
-66607.191782,200,10155.724753
-29407.011025,200,10166.776905
-38864.140002,200,10177.827531
-29140.503168,200,10188.887804
-40776.069163,200,10199.944712
-44506.673912,200,10210.986298
-58302.515688,200,10222.066249
-39250.503238,200,10233.098261
-33224.337705,200,10244.153648
-46654.198523,200,10255.201421
-34700.061503,200,10266.243575
-100668.339163,200,10277.285972
-43149.431106,200,10288.424806
-55366.595441,200,10299.480361
-61185.993256,200,10310.569307
-92109.290097,200,10321.606434
-46265.062213,200,10332.657779
-45891.367318,200,10343.723726
-29221.82954,200,10354.843493
-42850.920698,200,10365.891167
-40096.717553,200,10376.985105
-40436.548877,200,10388.04111
-31682.972386,200,10399.108285
-75315.842312,200,10410.216076
-51120.422108,200,10421.34463
-47999.690477,200,10432.396102
-44655.40041,200,10443.438692
-65650.259225,200,10454.490652
-75717.171195,200,10465.605667
-34095.091579,200,10476.708093
-56986.467595,200,10487.828445
-68648.285932,200,10498.879061
-74588.388383,200,10509.938359
-35072.48813,200,10520.999204
-39327.64686,200,10532.049593
-47507.456762,200,10543.18479
-44166.596937,200,10554.296058
-47868.980881,200,10565.407024
-51492.829334,200,10576.51682
-40613.49521,200,10587.634804
-35175.320005,200,10598.681469
-43608.866345,200,10609.808918
-40176.582292,200,10620.900237
-29568.770025,200,10631.952277
-29136.979247,200,10643.007028
-38181.568758,200,10654.057608
-31342.518027,200,10665.327902
-50245.483357,200,10676.497131
-54744.665496,200,10687.576255
-43365.129684,200,10698.65494
-31076.994495,200,10709.739907
-33421.815528,200,10720.83545
-39951.460445,200,10731.878158
-31449.132523,200,10742.934021
-35924.642515,200,10753.972889
-41059.637728,200,10765.072643
-46068.542915,200,10776.131995
-31524.816809,200,10787.308508
-37908.516925,200,10798.430045
-65566.971836,200,10809.523856
-45460.70689,200,10820.599771
-27875.775712,200,10831.630527
-27052.405342,200,10842.725986
-25596.091747,200,10853.795151
-34750.795188,200,10864.872816
-26148.159844,200,10876.029875
-37398.587735,200,10887.070533
-28648.750319,200,10898.182693
-24135.323771,200,10909.300909
-25294.264303,200,10920.426155
-24551.714584,200,10931.546938
-35909.530936,200,10942.612167
-25803.788512,200,10953.655474
-25246.506564,200,10964.808673
-25953.431017,200,10975.884785
-38000.440788,200,10986.952122
-26530.325528,200,10997.994985
-25163.287752,200,11009.040746
-30812.297746,200,11020.097918
-24685.292309,200,11031.189107
-23028.317277,200,11042.226129
-25956.003527,200,11053.265362
-23719.585928,200,11064.313316
